titulo,nota_interna,tmdb_id
El 6º Día,,8452
Infra-Man,,40435
Monty Python: Se armó la gorda,,9267
Ocean's 13,,298
El Increíble Hulk: El retorno de la bestia,,26881
Los Vengadores,La de Marvel,24428
Dune,Serie de los 90 / 2000,tv:19566
TMNT,La original del 89 /90,1498
La leyenda del samurái,,64686
Star Trek: Más allá 3D,,188927
Desparrame a babor,,10104
38 semanas despés,,1562
Spiderman 2.1,,558
El castillo de Cagliostro,,15371
Wolf Children,,110420
Curso 1990,,23535
Wall - E,,10681
"Green Lantern, Caballeros esmeralda",,65291
"Dr. Slup: Monstruo en Villapingüino, Secreto del castillo Nanaba)",,146090+146084
K-9 Super Agente,,10345
Austin Powers La espia que me achuchó,,817
Oh! Que miércoles,,23001
Nausicaa del valle del viento,,81
Sherlock Hound,,tv:21296
Sherlock Hound (edicion remasterizada),,tv:21296
Animación Experimental (Osamu Tezuka),,manual
Star Wars II El ataque de los clones,,1894
Los caraduras parte 2,,12705
Los caraduras parte 3,,15120
Dos Super-policias,,11689
Cantinflas el Padrecito,,41308
Expediente X la pelicula,,846
Trasnsporter 3,,13387
En busca de Bobby Fisher,,14291
"Space Firebird Hi no tori 2772, el niño del espacio",,57635
El retorno de superman,la de tuquia del 79,106913
An american tail the mistery of the night monster,,27653
Infernal Affairsn2,Repetida,11647
George Benson Live at Montreaux 1986,,123076
Alien VS Predator 2,,440
Animación Experimental de Tezuka,,manual
Liga de la Justicio El paraiso perdido,,manual
Liga de la Justicio Desventurados la pelñiculas,,manual
Lo mejor de WB Colección 25 episodios DC Comics,,manual
Los mejores momentos de Sé lo que hicistéis... (y sobre todo los peores),,manual
"Charlot Portero de banco, En el Balneario",,manual
Charles Chaplin sus mejores cortometrajes I,,manual
Peace Hotel,,50840
Superman / Shazam!,,43641
