Título,Formato,
Lady Halcón,Blu-ray,
Jungla de Cristal,Blu-ray,
La Trilogía de Bourne,DVD,Edición especial / Steelbook
Batman (Capucha Roja?),Blu-ray,
All Star Superman,Blu-ray,
Mad Max,Blu-ray,
Temblores,Blu-ray,
Al Filo del Mañana,Blu-ray,
El maravilloso viaje de Nils Holgersson,DVD,
Superman / Batman: Enemigos Públicos,DVD,
Speed,Blu-ray,
Piratas del Caribe,Blu-ray 3D,
Astérix el Galo,DVD,
Patoruzito,DVD,
Superman vs La Élite,DVD,
Skyfall 007,Blu-ray,
5 centímetros por segundo,Blu-ray,
Piratas de Silicon Valley,DVD,
Ator el Poderoso,DVD,
El Rostro Impenetrable,DVD,
Viaje a Agartha,Blu-ray,
Mentiras arriesgadas,DVD,
La isla de las cabezas cortadas,DVD,
Anacondas,DVD,
La Dalia Negra,DVD,
El 6º Día,Blu-ray,
The Jacket,DVD,
Chica Valle,DVD,
Mucho más que amigos,DVD,
Matar a un ruiseñor,DVD,
Wild Man Blues,DVD,
Danko: Calor rojo,Blu-ray,
Silverado,DVD,
Willow,DVD,
Kirikú y la bruja,DVD,
La Novia Cadáver,DVD,
Space Buddies,DVD,
Karate Kid,DVD,
Russkies,DVD,
La Sirenita,DVD,
Chitty Chitty Bang Bang,DVD,
Mary Poppins,DVD,
La montaña embrujada,DVD,
Los Teleñecos en la Isla del Tesoro,DVD,
Aladdin,DVD,
Scooby-Doo,DVD,
Forrest Gump,DVD,
Título ilegible (Simbad?),DVD,
Excalibur,DVD,
Grease,DVD,
El tercer hombre,DVD,
Una historia del Bronx,DVD,
Intocables,DVD,
Team America: La policía del mundo,DVD,
Robots,DVD,
Evolution,DVD,
Matrimonio Compulsivo,DVD,
Juergas Universitarias,DVD,
Wayne's World 2,DVD,
Canadian Bacon,DVD,
El retorno de los tomates asesinos,DVD,
Resident Evil 2 (Apocalipsis),DVD,
El Rey Escorpión,DVD,
3 Solteros y un biberón,DVD,
Título ilegible (Comedia familiar),DVD,
Pavarotti Forever,DVD,
Troya,DVD,
Título ilegible (Oscura con rostros),DVD,
Minority Report,DVD,
Los hijos del Capitán Grant,DVD,
Frank Sinatra,DVD,
Dune,DVD,
Oficial y Caballero,DVD,
Rounders,DVD,
Materia Caliente,DVD,
Toma el dinero y corre,DVD,
Tomates Verdes Fritos,DVD,
La leyenda del samurái,DVD,
Scalps,DVD,
Regreso a la escuela,DVD,
Reacción en cadena,DVD,
La leyenda de Bruce Lee,DVD,
Resident Evil,DVD,
El Jefe,DVD,
Como locos a por el oro,DVD,
Título ilegible (DOG...),DVD,
Lara Croft: Tomb Raider,DVD,
American Pie: ¡Menuda Boda!,DVD,
Los Albóndigas en Remojo,DVD,
El hombre de California,DVD,
Límite Vertical,DVD,
Consejera Matrimonial,DVD,
La leyenda del samurái (47 Ronin),DVD,
Misión Imposible III,DVD,
Un Chihuahua en Beverly Hills,DVD,
Minority Report,Blu-ray,
Frozen,Blu-ray,
El jardín de las palabras,Blu-ray,
Enredados,Blu-ray,
Masters of the Universe,Blu-ray,
Estamos muertos... ¿o qué?,DVD,
Abismo,Blu-ray,
Batman Begins,Blu-ray,
Los Vengadores 3D,Blu-ray,
Jóvenes y brujas,Blu-ray,
Viaje a Darjeeling,DVD,
Historias de San Valentín,DVD,
Mucho ruido y pocas nueces,DVD,
Interstellar,Blu-ray,
Romeo + Julieta,Blu-ray,
Star Wars: El despertar de la Fuerza,Blu-ray,
Dueños de la calle,DVD,
Gremlins,Blu-ray,
Charlie y la fábrica de chocolate,DVD,
Tron,Blu-ray,
Tron Legacy,Blu-ray,
Star Trek,Blu-ray,
Star Trek: Más allá 3D,Blu-ray,
El Caballero Oscuro,Blu-ray,
El Incidente,Blu-ray,
Prometheus,Blu-ray,
TMNT (Tortugas Ninja Jóvenes Mutantes),Blu-ray,
Una Pandilla Alucinante,DVD,
Camino a la Gloria,DVD,
El Milagro,DVD,
Ronin,DVD,
Animación Experimental (Osamu Tezuka),DVD,
Dumbo,DVD,
Zorba el Griego,DVD,
La Fuga de Charlot,DVD,
El Principiante,DVD,
La Dama y el Vagabundo,DVD,
El Puño de la Estrella del Norte,DVD,
Bienvenidos al Norte,DVD,
Los Vengadores,Blu-ray,
Jumper,Blu-ray,
Robin Hood,DVD,
Hobgoblins,DVD,
Ellas dan el golpe,DVD,
007 Alta Tensión,DVD,
"Cobra, el brazo fuerte de la ley",DVD,
Infra-Man,DVD,
Trabajo Basura,DVD,
Los Albóndigas atacan de nuevo,DVD,
Policía por error,DVD,
Increíble suerte,DVD,
Cyborg,DVD,
El lado bueno de las cosas,DVD,
Los 4 Fantásticos y Silver Surfer,DVD,
Alicia en el país de las maravillas,DVD,
El espíritu de...,DVD,
Starcrash: Choque de galaxias,DVD,
Cops,DVD,
Patinando a la gloria,DVD,
Destino de caballero,DVD,
G.I. Joe,DVD,
E.T. El Extraterrestre,Blu-ray,
El secreto de la pirámide,DVD,
El imperio del sol,DVD,
Los nuevos bárbaros,DVD,
El Increíble Hulk: El retorno de la bestia,DVD,
Alien Quadrilogy,DVD,
Doom,DVD,
Código 46,DVD,
Brazo de acero,DVD,
Amanecer rojo,DVD,
El día después,DVD,
Commando,DVD,
The Corruptor,DVD,
Asesinos de reemplazo,DVD,
Yakuza,DVD,
TMNT,Blu-ray,
El Gran Año,DVD,
City of Ember,DVD,
Espartaco,DVD,
Los 4 Fantásticos,DVD,
Gladiator,DVD,
Batman Begins,DVD,
X-Files,DVD,
Open Windows,DVD,
Grupo Salvaje,DVD,
Freeman,DVD,
El Hombre de la Máscara de Hierro,DVD,
El Monje,DVD,
El Negociador,DVD,
Star Wars trilogía original,DVD,
Serpientes en el avión,DVD,
Garfield: La película,DVD,
Garfield 2,DVD,
Pokémon 2: El poder de uno,DVD,
Syngenor,DVD,
Exploradores,DVD,
Monty Python: Se armó la gorda,DVD,
El peso del agua,DVD,
Mr. Deeds,DVD,
Megaforce,DVD,
A.I. Inteligencia Artificial,DVD,
La última noche de Boris Grushenko,DVD,
Middle Men,DVD,
Pequeña Miss Sunshine,DVD,
"Paris, je t'aime",DVD,
Aquí un amigo,DVD,
Terminator Salvation,DVD,
"House, una casa alucinante",DVD,
Bailando con lobos,DVD,
Valkiria,DVD,
El dormilón,DVD,
El verano de Kikujiro,DVD,
Con Air,DVD,
El Rector,DVD,
El último hombre,DVD,
Seguridad Nacional,DVD,
Commando (Montaje del Director),DVD,
"Honor, plomo y sangre",DVD,
Driver,DVD,
Un botín de 500.000 dólares,DVD,
Los Ríos de Color Púrpura,DVD,
The Italian Job,DVD,
War Horse,DVD,
Atraco Perfecto,DVD,
El Pueblo de los Malditos,DVD,
Master & Commander,DVD,
Primera Plana,DVD,
Independence Day,DVD,
Infiltrados en Clase / Universidad,DVD,
Kung Fu Sión,DVD,
The Blues Brothers,DVD,
Golfus de Roma,DVD,
Bandits,DVD,
Nickelodeon,DVD,
House of the Dead,DVD,
Hasta que la Muerte los Separe,DVD,
Bitelchús,DVD,
El Chico de Oro,DVD,
Dune,DVD,
Ghost Ship,DVD,
Ocean's 13,DVD,
Sphere,DVD,
Braveheart,DVD,
Casi Famosos,DVD,
Abajo el Amor,DVD,
Superman/Batman: Apocalypse,Blu-ray,
Wonder Woman,DVD,
The Mexican,DVD,
Título ilegible (Comedia),DVD,
Este chico es un demonio,DVD,
Titan A.E.,Blu-ray,
Sospecha,DVD,
Bowfinger,DVD,
Love Actually,DVD,
La fiesta de la cerveza,DVD,
Abierto hasta el amanecer,DVD,
Última llamada,DVD,
Señales,DVD,
Muerte en el Nilo,DVD,
Novatos,DVD,
Lucas,DVD,
El último golpe,DVD,
Tres reyes,DVD,
No es país para viejos,DVD,
"De tal astilla, tal palo",DVD,
Azumi 2,DVD,
Balas sobre Broadway,DVD,
El padre de la novia,DVD,
Un golpe de altura,DVD,
Un canguro superduro,DVD,
Perseguido,Blu-ray,
El Fugitivo,Blu-ray,
El Último Gran Héroe,DVD,
El Llanero Solitario,DVD,
Perdidos en el espacio,DVD,
Pixels,Blu-ray,
Amor en juego,DVD,
Dos chalados y muchas curvas,DVD,
Socios y sabuesos,DVD,
La última locura,DVD,
Cavegirl,DVD,
Navidad con los Buddies,DVD,
El club de los chalados,DVD,
La pícara soltera,DVD,
Evolution,DVD,
¡Aterriza como puedas!,DVD,
Rebote,DVD,
Soy Espía,DVD,
Desparrame a babor,DVD,
The Kid,DVD,
Un cadáver a los postres,DVD,
Terminagolf,DVD,
Agente Contrainteligente,DVD,
La maldición del escorpión de jade,DVD,
My Fair Lady,DVD,
Mi Vecino Totoro,DVD,
2001: Una odisea del espacio,DVD,
Nick & Norah,DVD,
Juno,DVD,
Superdetective en Hollywood,DVD,
Virgen a los 40,DVD,
Superman: Doomsday,DVD,
La Jungla 4.0,Blu-ray,
Depredador 2,Blu-ray,
La Caza del Octubre Rojo,DVD,
Supersalidos,DVD,
El Misterio de las Doce Sillas,DVD,
Always,Blu-ray,
Sweeney Todd,Blu-ray,
El Caballero Oscuro,Blu-ray,
Paso de ti,DVD,
Batman: Guardián de Gotham,DVD,
El Hombre de Acero,Blu-ray,
Los Mercenarios,DVD,
La Fuga de Logan,DVD,
Lío Embarazoso,DVD,
Superman/Shazam!,DVD,
Inferno,DVD,
El Cerebro,DVD,
Los Mosqueteros,DVD,
The Waterboy,DVD,
Wayne's World,DVD,
Equipo mortal,DVD,
El vuelo del Intruder,DVD,
Lesbian Vampire Killers,DVD,