estado,titulo,nota_interna,filas,candidatos
comprobar,Piratas del Caribe,,13,22: Piratas del Caribe: La maldición de la Perla Negra (2003) | 63617: Piratas del mar Caribe (1942) | 58: Piratas del Caribe: El cofre del hombre muerto (2006) | 285: Piratas del Caribe: En el fin del mundo (2007) | 1865: Piratas del Caribe: En mareas misteriosas (2011)
comprobar,Chica Valle,,30,19053: La chica del valle (1983) | 482273: La chica del valle (2020)
comprobar,La Sirenita,,42,10144: La sirenita (1989) | 447277: La sirenita (2023) | 385448: La Sirenita (2018) | 215478: La sirenita (1976) | 116866: La sirenita (1998)
comprobar,Aladdin,,47,812: Aladdin (1992) | 420817: Aladdín (2019) | 343693: Aladdin (Aladino) (1992) | 357528: Aladdin (1992) | 1450246: Aladdin (1967)
comprobar,Evolution,,57 275,9397: Evolution (2001) | 1571101: Evolution (2026) | 323196: Evolution (2014) | 571891: Pokémon: Mewtwo contraataca-Evolución (2019) | 836563: Evolution (2021)
comprobar,Frank Sinatra,,70,271280: Sinatra desde el Madison Square Garden (The Main Event) (1974) | 447719: Frank Sinatra Memorial (2000) | 264824: Frank Sinatra - Primetime (1968) | 1049222: Tony Bennett & Frank Sinatra (2019) | 730120: Frank Sinatra Spectacular (1965)
comprobar,Scalps,,78,5733: Scalps (El cementerio indio) (1983) | 114174: ¡Scalps! Venganza india (1987) | 1693791: Danny Dunn: Scalps Out! (2026) | 32068: El camino de la venganza (1968)
comprobar,Masters of the Universe,La de los años 80,97,454639: He-Man y los Masters del Universo (2026) | 11649: Masters del universo (1987) | 1138551: Masters of the Musical Universe (2015) | 1705074: Behind the Legend of Masters of the Universe: The Motion Picture (1987) | 1138554: Masters of the Musical Universe: Battle for Etheria (2016)
comprobar,Jóvenes y brujas,,102,9100: Jóvenes y brujas (1996) | 590995: Jóvenes y brujas (2020)
comprobar,El Milagro,,122,685677: El milagro (2003) | 706584: El milagro (2019) | 1256995: El Milagro (2024) | 1709557: El milagro (2026) | 1501101: El Milagro (2021)
comprobar,Dumbo,,125,11360: Dumbo (1941) | 329996: Dumbo (2019) | 99833: Dumbom (1953) | 27281: Operación Elefante (1995) | 462495: Celebrating Dumbo (2001)
sin elegir,La Fuga de Charlot,,127,678092: La fuga de Carrasco (1983) | 475388: La fuga de Artigas (2017) | 16912: La fuga de Colditz (1955) | 10803: La fuga de Logan (1976) | 1732186: La fuga de talentos (2008)
comprobar,La Dama y el Vagabundo,,129,10340: La dama y el vagabundo (1955) | 512895: La dama y el vagabundo (2019) | 18269: La dama y el vagabundo 2: Las aventuras de Golfillo (2001)
comprobar,El Puño de la Estrella del Norte,,130,19877: El puño de la Estrella del Norte (1986) | 26300: El puño de la estrella del norte (1995) | 114372: El Puño de la Estrella del Norte: La leyenda de Raoh - Capitulo de la lucha feroz (2007) | 120985: New El puño de la estrella del norte: La ciudad maldita (2003) | 247541: New El puño de la estrella del norte: El puño prohibido (2003)
comprobar,Bienvenidos al Norte,,131,8265: Bienvenidos al Norte (2008) | 85038: Bienvenidos al Norte (2012) | 367541: Bienvenidos al Polo Norte (2015)
comprobar,Robin Hood,,134,20662: Robin Hood (2010) | 11886: Robin Hood (1973) | 375588: Robin Hood (2018) | 437442: Robin Hood (1912) | 30840: Robin Hood el magnífico (1991)
comprobar,007 Alta Tensión,,137,708: Alta tensión (1987) | 10226: Alta tensión (2003) | 3403: Alta tensión (1972) | 346628: Alta Tensión (1997) | 23098: Alta tensión (1941)
comprobar,Alicia en el país de las maravillas,,147,12155: Alicia en el País de las Maravillas (2010) | 12092: Alicia en el país de las maravillas (1951) | 396929: Alicia en el país de las maravillas (1976) | 25694: Alicia en el país de las Maravillas (1933) | 35109: Alicia en el País de las Maravillas (1966)
comprobar,El espíritu de...,,148,"632856: El espíritu de la Navidad (2022) | 894389: El espíritu de la ley (????) | 4495: El espíritu de la colmena (1973) | 472211: Raza, el espíritu de Franco (1977) | 636055: El espíritu de la pintura (2017)"
comprobar,Garfield: La película,,185,8920: Garfield: La película (2004) | 748783: Garfield: La película (2024)
comprobar,Aquí un amigo,,198,"36133: Aquí, un amigo (1981) | 1245728: Aquí un amigo (2025) | 47943: Harry, un amigo que os quiere (2000) | 209244: ¿Estás aquí? (2013) | 232572: Un paseo por el bosque (2015)"
comprobar,El Pueblo de los Malditos,,217,12122: El pueblo de los malditos (1995) | 11773: El pueblo de los malditos (1960)
comprobar,Muerte en el Nilo,,249,505026: Muerte en el Nilo (2022) | 4192: Muerte en el Nilo (1978)
comprobar,The Kid,,280,10098: El chico (1921) | 4244: The Kid (El chico) (2000) | 492565: Sin piedad (The Kid) (2019) | 674438: The Kid (1910) | 649319: The Kid (2018)
comprobar,El Cerebro,,309,33436: El Cerebro (1969) | 40222: El cerebro (1988) | 241076: Santo contra el cerebro diabólico (1963) | 104183: El Mal del Cerebro (2012) | 1166632: El cerebro de Caín (2011)
comprobar,Las Super Nenas,Serie animación,349,tv:607: Las Supernenas (1998) | tv:66149: Las Supernenas (2016) | tv:12406: Las Supernenas Z (2006) | tv:205070: Las Super-4 (2023) | tv:231963: Las supermodelos (2023)
sin elegir,Hechizo Letal,,362,97083: Hechizo lunar (1997) | 30949: Seducción letal (1998) | 2039: Hechizo de luna (1987) | 287807: Hechizo de luna (2000) | 513605: El hechizo del trigal (1939)
comprobar,Los cazafantasmas,,367,620: Cazafantasmas (1984) | 488086: Los cazafantasmas de Petatiux (2002) | 2978: Cazafantasmas II (1989) | 367816: El fenómeno Cazafantasmas (2016) | 212249: Bobby en de Geestenjagers (2013)
comprobar,Poltergeist,,368,609: Poltergeist. Fenómenos extraños (1982) | 243688: Poltergeist (2015) | 1452770: Poltergeist (2024) | 10306: Poltergeist III (1988) | 345931: American Poltergeist (2015)
comprobar,Diabolik,,370,593395: Diabolik (2021) | 2994: Danger: Diabolik (1968) | 1272736: Diabolika (2024) | 824003: Diabolik ¿Quién eres? (2023) | 582103: Diabolik Lovers OVA (2015)
comprobar,La mansión encantada,,391,10756: La mansión encantada (2003) | 11772: La mansión encantada (1963) | 616747: Mansión encantada (Haunted Mansion) (2023) | 11377: House on Haunted Hill (1999)
comprobar,Agarralo como puedas,,417,37136: Agárralo como puedas (1988) | 1035259: Agárralo como puedas (2025) | 36593: Agárralo como puedas 33⅓: El insulto final (1994) | 37137: Agárralo como puedas 2½: El aroma del miedo (1991)
comprobar,Colmillo Blanco,,419,12227: Colmillo blanco (1991) | 456154: Colmillo Blanco (2018) | 58061: Colmillo Blanco (1973) | 323072: Colmillo blanco (1997) | 43643: Vuelve colmillo blanco (1994)
comprobar,Serenity,,444 484,16320: Serenity (2005) | 452832: Serenity (2019) | 423675: Serenity (1961) | 1136313: Serenity (????) | 1465539: Serenity (????)
comprobar,Cocodrlo Dundee,,456,9671: Cocodrilo Dundee (1986) | 9396: Cocodrilo Dundee II (1988) | 366770: CrocADyke Dundee (2015) | 29715: Mayor Dundee (1965) | 1433438: La leyenda de Cocodrilo Dundee (2025)
comprobar,La pantera rosa,,459,12096: La pantera rosa (2006) | 936: La pantera rosa (1963) | 15159: La pantera rosa II (2009) | 12268: La pantera rosa ataca de nuevo (1976) | 36576: La maldición de la pantera rosa (1983)
comprobar,Copacabana,,467,41271: Copacabana (2010) | 46955: Copacabana (1947) | 45199: Copacabana (1985) | 382925: Copacabana (2008) | 240270: Copacabana (2001)
comprobar,Ave del paraíso,,471,92341: Ave del paraíso (1932) | 72687: Ave del paraíso (1951) | 404998: El Ave del Paraíso: Un Seductor con Alas (2012)
sin elegir,Sagai United,,504,57393: Africa United (2010) | 638134: Mascotas unidas (2019) | 353743: Pups United (2015) | 13630: United (2003) | 62441: United (2011)
comprobar,A Better Tomorrow,,513,58959: A Better Tomorrow (2010) | 497768: A Better Tomorrow (2018) | 824679: A Better Tomorrow (2013) | 764434: A Better Tomorrow (1945) | 1196456: The Male Gaze: A Better Tomorrow (2023)
comprobar,A Better Tomorrow III,,514,58959: A Better Tomorrow (2010) | 497768: A Better Tomorrow (2018) | 824679: A Better Tomorrow (2013) | 764434: A Better Tomorrow (1945) | 1196456: The Male Gaze: A Better Tomorrow (2023)
comprobar,Once a thief,,517,36514: El último homicidio (1965) | 39084: Matar a un ladrón (1996) | 73317: Once a Thief (1950) | 347156: Once a Thief (1935) | 433076: Once a Thief: Brother Against Brother (1997)
comprobar,Dark Water,,526,9009: Dark Water (La huella) (2005) | 12205: Dark Water (2002) | 294258: Dark Water (1980) | 495433: Dark Water (2001) | 1494750: Dark Water (2016)
comprobar,Lo que la verdad esconde,La original japonesa,528,2655: Lo que la verdad esconde (2000)
sin elegir,Hong Kong 3 Super men,,545,18763: Protección a un ser menor (1985)
comprobar,"Road House, de profesión duro",,550,359410: Road House (De profesión: duro) (2024) | 10135: Road House (De profesión: duro) (1989)
sin elegir,Transformers 2,La de anmación de los 81,569,tv:289118: Transformers Generation 2 (1993) | tv:31098: Beast Wars II Chou Seimei Tai Transformers (1998) | 1047952: Babcock Transformers (1989) | 1857: Transformers: La película (1986) | 880723: Transformers: The Rebirth (1987)
comprobar,Infernal Affairs,,584,10775: Juego sucio (Infernal Affairs) (2002) | 11647: Infernal Affairs 2 (2003) | 14310: Infernal Affairs 3 (2003) | 1277162: 绣春刀: 无间炼狱 (2024)
comprobar,Premonición,,593,339527: Premonición (2015) | 2046: Premonición (2000) | 861836: Premonición (2017) | 1567449: Premonición (2025) | 1782: Premonición (2008)
comprobar,Shaft,,605,486131: Shaft (2019) | 482: Las noches rojas de Harlem (Shaft) (1971) | 479: Shaft: The Return (2000) | 1197913: Shaft (2000) | 494: Shaft en África (1973)
comprobar,G.I.JOE La venganza,La de imagen real,623,72559: G.I. Joe II. La venganza (2013) | 109827: La venganza (1958) | 640058: La venganza (1999) | 127721: La venganza (2007) | 1649878: La venganza (1989)
comprobar,Fahrenheit 451,,631,1714: Fahrenheit 451 (1966) | 401905: Fahrenheit 451 (2018) | 443826: The Making of 'Fahrenheit 451' (2003)
comprobar,Conan el barbaro,,650,"9387: Conan, el bárbaro (1982) | 37430: Conan, el bárbaro (2011)"
comprobar,Ana Karenina,,657,70881: Ana Karenina (1935) | 220343: Ana Karenina (1985) | 120831: Ana Karenina (1927) | 96724: Anna Karenina (2012) | 380370: Анна Каренина (1975)
comprobar,Los piratas de malasia,de 1964 sobre el personaje Sandokan,663,74605: Los piratas de Malasia (1964)
comprobar,Who Am I?,,667,677038: Who Am I? (2019) | 843403: Who Am I? (2024) | 1189775: Who Am I? (????) | 501875: Who Am I? (2016) | 672100: Who Am I? (1989)
comprobar,Más allá de los sueños,,714,10202: Más allá de los sueños (2008) | 12159: Más allá de los sueños (1998)
comprobar,Matrix Revolutions,Repetida,726,605: Matrix Revolutions (2003) | 503880: The Matrix Revolutions Revisited (2004) | 684721: The Matrix Revolutions: Super Big Mini Models (2004) | 684744: The Matrix Revolutions: Double Agent Smith (2004) | 684740: The Matrix Revolutions: Neo Realism - Evolution of Bullet Time (2004)
comprobar,Batman,La primera película con los personajes de la serie,730,tv:2287: Batman (1966) | tv:2098: Batman: La Serie Animada (1992) | tv:513: Batman del futuro (1999) | tv:2022: The Batman (2004) | tv:125909: Batman: El cruzado enmascarado (2024)
comprobar,Austin Powers,,759,816: Austin Powers. Misterioso agente internacional (1997) | 818: Austin Powers en Miembro de Oro (2002) | 817: Austin Powers II. La espía que me achuchó (1999) | 701123: Austin Powers' Electric Psychedelic Pussycat Swingers Club (1997) | 1563241: Custom Trailer Series: Austin Powers (2025)
comprobar,La cena de los idiotas,La francesa,769,9421: La cena de los idiotas (1998) | 38778: La cena de los idiotas (2010)
comprobar,Ghostbusters,,793,620: Cazafantasmas (1984) | 43074: Cazafantasmas (2016) | 2978: Cazafantasmas II (1989) | 425909: Cazafantasmas: Más allá (2021) | 967847: Cazafantasmas: Imperio helado (2024)
sin elegir,Casado con todas,,800,32083: Casado con eso (1991) | 42367: Casado y con suegra (1924) | 168251: Casado con una extraña (2005) | 108232: Casado y con dos suegras (1951) | 472779: Si te hubieses casado conmigo (1948)
sin elegir,Dos Superesbirros,,804,710258: Dos forajidos (2024) | 290250: Dos buenos tipos (2016) | 4552: Dos hermanas (2003) | 1263532: Carrera de bestias (2026) | 1632812: Nada entre los dos (2026)
comprobar,The eye,,820,9030: The Eye (Visiones) (2008) | 10389: The Eye (2002) | 1192906: The Eye (2023) | 489374: The Eye (2017) | 1662902: The Eye (2026)
comprobar,Scream,,821,4232: Scream. Vigila quién llama (1996) | 646385: Scream (2022) | 1134546: Scream (2021) | 85191: Scream (1981) | 113344: The American Scream (1988)
comprobar,Liga de la Justicia Crisis en 2 tierras,Animación,825,30061: La Liga de la Justicia: Crisis en dos tierras (2010) | 1209288: Liga de la Justicia: Crisis en Tierras Infinitas - Parte 2 (2024)
